{"encoded_classes": [0, 1, 2, 3, 4, 5, 6, 7, 8, 9], "soft_accuracy_score": 0.8483333333333334, "precision_score": 0.64341733429968728, "accuracy_score": 0.6333333333333333, "k_prediction_perc": [68.7, 83.3, 90.7, 96.7, 96.7, 98.7, 99.3, 99.3, 100.0, 100.0], "log_loss": 1.0833570408855859, "classes": ["airplane", "alarm clock", "angel", "ant", "apple", "arm", "armchair", "ashtray", "axe", "backpack"], "recall_score": 0.6333333333333333, "f1_score": 0.62090219106523448, "confusion_matrix": [[12, 1, 0, 0, 0, 0, 0, 2, 0, 0], [0, 6, 2, 1, 2, 1, 0, 1, 1, 1], [0, 3, 10, 0, 0, 1, 0, 0, 0, 1], [2, 0, 4, 8, 0, 1, 0, 0, 0, 0], [0, 0, 0, 0, 15, 0, 0, 0, 0, 0], [1, 1, 0, 1, 0, 4, 1, 0, 7, 0], [1, 0, 1, 0, 0, 0, 8, 0, 1, 4], [4, 0, 0, 1, 0, 0, 0, 8, 1, 1], [2, 0, 0, 0, 0, 1, 0, 1, 11, 0], [0, 0, 1, 0, 0, 0, 0, 1, 0, 13]]}