{"encoded_classes": [0, 1, 2, 3, 4, 5, 6, 7, 8, 9], "soft_accuracy_score": 0.9016666666666666, "precision_score": 0.77489133415604006, "accuracy_score": 0.77333333333333332, "k_prediction_perc": [80.0, 88.7, 94.69999999999999, 97.3, 98.0, 99.3, 99.3, 99.3, 100.0, 100.0], "log_loss": 0.71566223896808634, "classes": ["airplane", "alarm clock", "angel", "ant", "apple", "arm", "armchair", "ashtray", "axe", "backpack"], "recall_score": 0.77333333333333332, "f1_score": 0.76897539288668326, "confusion_matrix": [[13, 0, 0, 0, 0, 0, 2, 0, 0, 0], [0, 11, 0, 1, 1, 0, 0, 1, 0, 1], [0, 1, 12, 1, 0, 0, 0, 0, 0, 1], [1, 0, 4, 9, 0, 1, 0, 0, 0, 0], [0, 0, 0, 0, 15, 0, 0, 0, 0, 0], [0, 0, 0, 0, 1, 9, 0, 1, 4, 0], [1, 0, 0, 0, 0, 0, 13, 0, 0, 1], [0, 0, 0, 0, 3, 1, 0, 10, 0, 1], [1, 0, 0, 0, 0, 2, 0, 1, 11, 0], [0, 1, 0, 0, 0, 0, 1, 0, 0, 13]]}