{"encoded_classes": [0, 1, 2, 3, 4], "soft_accuracy_score": 0.9666666666666667, "precision_score": 0.86539473684210522, "accuracy_score": 0.8666666666666667, "confusion_matrix_results": {"ant": {"most_confused_with": {"perc": 26.67, "label": "airplane"}, "correct": 53.33}, "airplane": {"correct": 100.0}, "alarm clock": {"correct": 100.0}, "angel": {"most_confused_with": {"perc": 13.33, "label": "ant"}, "correct": 80.0}, "apple": {"correct": 100.0}}, "k_prediction_perc": [88.0, 98.7, 100.0, 100.0, 100.0], "log_loss": 0.34104856506706005, "classes": ["airplane", "alarm clock", "angel", "ant", "apple"], "recall_score": 0.8666666666666667, "f1_score": 0.85801897533206817, "confusion_matrix": [[15, 0, 0, 0, 0], [0, 15, 0, 0, 0], [0, 1, 12, 2, 0], [4, 0, 3, 8, 0], [0, 0, 0, 0, 15]]}