{"encoded_classes": [0, 1, 2, 3, 4, 5, 6, 7, 8, 9], "soft_accuracy_score": 0.7133333333333334, "precision_score": 0.48703351768057651, "accuracy_score": 0.48666666666666669, "k_prediction_perc": [44.7, 69.3, 82.69999999999999, 88.7, 93.30000000000001, 96.7, 99.3, 99.3, 100.0, 100.0], "log_loss": 1.4585655750399797, "classes": ["airplane", "alarm clock", "angel", "ant", "apple", "arm", "armchair", "ashtray", "axe", "backpack"], "recall_score": 0.48666666666666669, "f1_score": 0.45420167118337851, "confusion_matrix": [[10, 1, 0, 0, 1, 1, 0, 2, 0, 0], [1, 7, 2, 0, 2, 0, 0, 1, 0, 2], [1, 2, 4, 3, 1, 0, 0, 1, 1, 2], [5, 0, 2, 5, 2, 1, 0, 0, 0, 0], [0, 2, 0, 0, 5, 2, 0, 1, 5, 0], [3, 0, 0, 2, 1, 2, 0, 0, 7, 0], [2, 0, 1, 0, 0, 0, 3, 1, 0, 8], [3, 1, 0, 0, 0, 0, 0, 11, 0, 0], [2, 0, 0, 0, 0, 0, 0, 0, 13, 0], [0, 0, 0, 0, 0, 0, 2, 0, 0, 13]]}