{"encoded_classes": [0, 1, 2, 3, 4, 5, 6, 7, 8, 9], "soft_accuracy_score": 0.9083333333333333, "precision_score": 0.79234372696447009, "accuracy_score": 0.77333333333333332, "k_prediction_perc": [79.3, 90.7, 94.69999999999999, 98.7, 98.7, 98.7, 99.3, 100.0, 100.0, 100.0], "log_loss": 0.67634453839937081, "classes": ["airplane", "alarm clock", "angel", "ant", "apple", "arm", "armchair", "ashtray", "axe", "backpack"], "recall_score": 0.77333333333333332, "f1_score": 0.77316090958692207, "confusion_matrix": [[12, 0, 0, 0, 0, 1, 2, 0, 0, 0], [0, 13, 1, 0, 0, 0, 0, 0, 0, 1], [0, 0, 11, 3, 0, 0, 0, 0, 0, 1], [1, 0, 3, 10, 0, 1, 0, 0, 0, 0], [0, 0, 0, 0, 15, 0, 0, 0, 0, 0], [1, 0, 0, 0, 1, 10, 0, 0, 2, 1], [1, 0, 1, 0, 0, 0, 13, 0, 0, 0], [1, 0, 0, 1, 3, 1, 0, 9, 0, 0], [4, 0, 0, 0, 0, 1, 0, 0, 10, 0], [0, 0, 1, 0, 0, 0, 1, 0, 0, 13]]}