{"encoded_classes": [0, 1, 2, 3, 4], "soft_accuracy_score": 0.9566666666666667, "precision_score": 0.87036713286713274, "accuracy_score": 0.8666666666666667, "confusion_matrix_results": {"ant": {"most_confused_with": {"perc": 26.67, "label": "airplane"}, "correct": 60.0}, "airplane": {"correct": 100.0}, "alarm clock": {"correct": 100.0}, "angel": {"most_confused_with": {"perc": 13.33, "label": "ant"}, "correct": 73.33}, "apple": {"correct": 100.0}}, "k_prediction_perc": [85.3, 97.3, 100.0, 100.0, 100.0], "log_loss": 0.35864837349934997, "classes": ["airplane", "alarm clock", "angel", "ant", "apple"], "recall_score": 0.8666666666666667, "f1_score": 0.86058135412974124, "confusion_matrix": [[15, 0, 0, 0, 0], [0, 15, 0, 0, 0], [1, 1, 11, 2, 0], [4, 0, 2, 9, 0], [0, 0, 0, 0, 15]]}