{"encoded_classes": [0, 1, 2, 3, 4, 5, 6, 7, 8, 9], "soft_accuracy_score": 0.8857142857142857, "precision_score": 0.81849206349206349, "accuracy_score": 0.7857142857142857, "k_prediction_perc": [78.60000000000001, 85.7, 92.9, 97.1, 97.1, 98.6, 98.6, 98.6, 100.0, 100.0], "log_loss": 0.732236159547205, "classes": ["airplane", "alarm clock", "angel", "ant", "apple", "arm", "armchair", "ashtray", "axe", "backpack"], "recall_score": 0.7857142857142857, "f1_score": 0.78401094004035177, "confusion_matrix": [[6, 0, 1, 0, 0, 0, 0, 0, 0, 0], [0, 5, 0, 0, 0, 1, 0, 0, 0, 1], [0, 0, 6, 0, 0, 1, 0, 0, 0, 0], [1, 0, 1, 5, 0, 0, 0, 0, 0, 0], [0, 0, 0, 0, 7, 0, 0, 0, 0, 0], [1, 0, 0, 0, 0, 4, 0, 0, 2, 0], [2, 0, 0, 0, 0, 0, 5, 0, 0, 0], [0, 1, 0, 0, 1, 0, 0, 4, 1, 0], [0, 0, 0, 0, 0, 0, 0, 0, 7, 0], [0, 0, 0, 0, 1, 0, 0, 0, 0, 6]]}