{"encoded_classes": [0, 1, 2, 3, 4, 5, 6, 7, 8, 9], "soft_accuracy_score": 0.815, "precision_score": 0.62149178092289536, "accuracy_score": 0.62, "k_prediction_perc": [64.7, 78.7, 88.0, 94.69999999999999, 96.7, 98.0, 99.3, 100.0, 100.0, 100.0], "log_loss": 1.1212169403159553, "classes": ["airplane", "alarm clock", "angel", "ant", "apple", "arm", "armchair", "ashtray", "axe", "backpack"], "recall_score": 0.62, "f1_score": 0.61282410272229015, "confusion_matrix": [[8, 0, 0, 1, 0, 4, 1, 1, 0, 0], [0, 7, 1, 1, 2, 0, 1, 1, 0, 2], [0, 2, 8, 1, 0, 0, 1, 0, 2, 1], [0, 0, 6, 7, 1, 1, 0, 0, 0, 0], [0, 0, 0, 0, 15, 0, 0, 0, 0, 0], [1, 0, 0, 0, 0, 8, 1, 0, 5, 0], [1, 0, 0, 0, 0, 0, 9, 2, 0, 3], [2, 1, 0, 0, 2, 1, 0, 9, 0, 0], [2, 0, 0, 0, 0, 3, 0, 1, 9, 0], [0, 0, 0, 0, 0, 0, 2, 0, 0, 13]]}