{"encoded_classes": [0, 1, 2, 3, 4, 5, 6, 7, 8, 9], "soft_accuracy_score": 0.89, "precision_score": 0.73009870031928858, "accuracy_score": 0.72666666666666668, "k_prediction_perc": [76.7, 89.3, 94.69999999999999, 95.3, 97.3, 98.0, 99.3, 99.3, 100.0, 100.0], "log_loss": 0.7694869450332753, "classes": ["airplane", "alarm clock", "angel", "ant", "apple", "arm", "armchair", "ashtray", "axe", "backpack"], "recall_score": 0.72666666666666668, "f1_score": 0.72228849996508515, "confusion_matrix": [[13, 0, 0, 0, 0, 0, 2, 0, 0, 0], [0, 10, 0, 1, 1, 0, 1, 1, 0, 1], [1, 2, 9, 2, 0, 1, 0, 0, 0, 0], [1, 0, 4, 9, 0, 1, 0, 0, 0, 0], [0, 0, 0, 0, 15, 0, 0, 0, 0, 0], [0, 0, 1, 0, 3, 7, 0, 1, 3, 0], [1, 0, 2, 0, 0, 0, 12, 0, 0, 0], [0, 0, 0, 0, 3, 1, 1, 10, 0, 0], [1, 0, 0, 0, 0, 2, 0, 1, 11, 0], [0, 1, 0, 0, 0, 0, 1, 0, 0, 13]]}