{"encoded_classes": [0, 1, 2, 3, 4], "soft_accuracy_score": 0.85, "precision_score": 0.79012987012987013, "accuracy_score": 0.7142857142857143, "k_prediction_perc": [71.39999999999999, 77.10000000000001, 94.3, 97.1, 100.0], "log_loss": 1.1591667427375161, "classes": ["airplane", "alarm clock", "angel", "ant", "apple"], "recall_score": 0.7142857142857143, "f1_score": 0.7050437144554792, "confusion_matrix": [[5, 1, 0, 0, 1], [0, 6, 0, 0, 1], [1, 1, 4, 0, 1], [1, 2, 0, 3, 1], [0, 0, 0, 0, 7]]}