{"encoded_classes": [0, 1, 2, 3, 4, 5, 6, 7, 8, 9], "soft_accuracy_score": 0.77, "precision_score": 0.57130325814536354, "accuracy_score": 0.55333333333333334, "k_prediction_perc": [55.300000000000004, 78.0, 84.7, 90.0, 95.3, 98.7, 100.0, 100.0, 100.0, 100.0], "log_loss": 1.2826565648818928, "classes": ["airplane", "alarm clock", "angel", "ant", "apple", "arm", "armchair", "ashtray", "axe", "backpack"], "recall_score": 0.55333333333333334, "f1_score": 0.52993497267154555, "confusion_matrix": [[10, 0, 1, 1, 0, 2, 0, 1, 0, 0], [0, 6, 3, 0, 3, 0, 0, 2, 0, 1], [0, 5, 8, 0, 0, 0, 0, 0, 0, 2], [1, 0, 6, 5, 0, 2, 0, 1, 0, 0], [0, 0, 0, 0, 14, 0, 0, 0, 1, 0], [1, 0, 0, 0, 1, 4, 1, 1, 7, 0], [1, 1, 1, 0, 0, 0, 3, 3, 1, 5], [3, 0, 1, 0, 1, 0, 0, 9, 1, 0], [4, 0, 0, 0, 0, 0, 0, 0, 11, 0], [0, 0, 0, 0, 0, 0, 1, 1, 0, 13]]}