{"encoded_classes": [0, 1, 2, 3, 4, 5, 6, 7, 8, 9], "soft_accuracy_score": 0.8266666666666667, "precision_score": 0.63071573227179645, "accuracy_score": 0.61333333333333329, "k_prediction_perc": [66.7, 80.0, 90.0, 94.0, 98.0, 99.3, 100.0, 100.0, 100.0, 100.0], "log_loss": 1.0755013870030428, "classes": ["airplane", "alarm clock", "angel", "ant", "apple", "arm", "armchair", "ashtray", "axe", "backpack"], "recall_score": 0.61333333333333329, "f1_score": 0.60116612555744386, "confusion_matrix": [[8, 0, 0, 1, 0, 1, 0, 5, 0, 0], [0, 7, 1, 0, 3, 0, 0, 1, 0, 3], [0, 5, 9, 0, 0, 0, 0, 0, 0, 1], [1, 0, 3, 9, 0, 1, 0, 0, 1, 0], [1, 0, 0, 0, 14, 0, 0, 0, 0, 0], [1, 1, 0, 0, 1, 4, 0, 0, 8, 0], [0, 0, 0, 0, 0, 1, 6, 3, 1, 4], [0, 0, 0, 1, 0, 0, 0, 13, 1, 0], [3, 0, 0, 0, 0, 1, 0, 0, 11, 0], [0, 0, 2, 0, 0, 0, 1, 1, 0, 11]]}