{"encoded_classes": [0, 1, 2, 3, 4, 5, 6, 7, 8, 9], "soft_accuracy_score": 0.82, "precision_score": 0.71135633200648674, "accuracy_score": 0.68000000000000005, "k_prediction_perc": [69.3, 80.7, 85.3, 92.7, 95.3, 98.0, 98.7, 98.7, 99.3, 100.0], "log_loss": 1.0410358344419599, "classes": ["airplane", "alarm clock", "angel", "ant", "apple", "arm", "armchair", "ashtray", "axe", "backpack"], "recall_score": 0.68000000000000005, "f1_score": 0.6785315904139434, "confusion_matrix": [[10, 0, 0, 1, 0, 0, 1, 1, 2, 0], [0, 8, 1, 0, 2, 0, 1, 2, 0, 1], [0, 1, 12, 0, 1, 0, 0, 0, 1, 0], [2, 0, 2, 10, 0, 0, 0, 0, 1, 0], [0, 0, 0, 0, 15, 0, 0, 0, 0, 0], [1, 0, 0, 1, 0, 7, 0, 2, 4, 0], [1, 0, 0, 0, 0, 1, 10, 2, 1, 0], [2, 0, 0, 0, 1, 0, 1, 11, 0, 0], [1, 0, 0, 0, 0, 0, 0, 3, 11, 0], [0, 1, 0, 0, 0, 1, 4, 0, 1, 8]]}