{"encoded_classes": [0, 1, 2, 3, 4, 5, 6, 7, 8, 9], "soft_accuracy_score": 0.8733333333333333, "precision_score": 0.70097016044384464, "accuracy_score": 0.67333333333333334, "k_prediction_perc": [75.3, 86.0, 92.0, 96.0, 97.3, 97.3, 98.0, 98.7, 100.0, 100.0], "log_loss": 0.909542444598056, "classes": ["airplane", "alarm clock", "angel", "ant", "apple", "arm", "armchair", "ashtray", "axe", "backpack"], "recall_score": 0.67333333333333334, "f1_score": 0.66491987390567509, "confusion_matrix": [[14, 0, 0, 0, 0, 0, 1, 0, 0, 0], [0, 8, 1, 1, 1, 0, 0, 1, 1, 2], [1, 1, 11, 1, 0, 1, 0, 0, 0, 0], [1, 0, 6, 7, 0, 1, 0, 0, 0, 0], [0, 0, 0, 0, 15, 0, 0, 0, 0, 0], [1, 0, 0, 1, 0, 5, 0, 1, 7, 0], [2, 0, 1, 0, 0, 0, 11, 1, 0, 0], [3, 0, 0, 0, 3, 0, 0, 9, 0, 0], [5, 0, 0, 0, 0, 0, 0, 0, 10, 0], [0, 1, 1, 0, 0, 0, 2, 0, 0, 11]]}