{"encoded_classes": [0, 1, 2, 3, 4, 5, 6, 7, 8, 9], "soft_accuracy_score": 0.8733333333333333, "precision_score": 0.71927586302586299, "accuracy_score": 0.71333333333333337, "k_prediction_perc": [72.0, 88.0, 94.0, 95.3, 96.7, 98.0, 98.7, 99.3, 100.0, 100.0], "log_loss": 0.86913960493047204, "classes": ["airplane", "alarm clock", "angel", "ant", "apple", "arm", "armchair", "ashtray", "axe", "backpack"], "recall_score": 0.71333333333333337, "f1_score": 0.70559678143104176, "confusion_matrix": [[14, 0, 0, 0, 0, 0, 1, 0, 0, 0], [0, 9, 0, 1, 1, 0, 1, 1, 0, 2], [1, 2, 10, 1, 0, 1, 0, 0, 0, 0], [1, 0, 5, 7, 1, 1, 0, 0, 0, 0], [0, 0, 0, 0, 15, 0, 0, 0, 0, 0], [2, 0, 0, 0, 0, 7, 0, 1, 5, 0], [2, 0, 1, 0, 0, 0, 12, 0, 0, 0], [0, 0, 0, 0, 3, 1, 1, 10, 0, 0], [2, 0, 0, 0, 0, 2, 0, 0, 11, 0], [0, 2, 0, 0, 0, 0, 1, 0, 0, 12]]}